"Date","Real Volume"
"2021-01-11","27322358043.821487"
"2021-02-23","26593897261.357132"
"2021-09-07","26151773312.379364"
"2021-05-19","25976416732.8666"
"2021-07-26","24138776845.134228"
"2021-01-29","23466769467.501293"
"2021-02-22","21505061760.369072"
"2021-05-17","20657859399.644333"
"2021-05-13","19467997306.45397"
"2021-10-06","18802495797.18987"
"2021-04-18","17964710977.281956"
"2021-09-24","17336941816.143867"
"2021-12-04","17077720403.497211"
"2021-01-08","17073457424.610939"
"2021-05-20","17071431582.973715"
"2021-10-18","17044351634.4796"
"2021-08-05","17017126931.795921"
"2021-10-15","16930308372.375235"
"2021-10-01","16848759074.14425"
"2021-02-08","16487578734.842085"
"2021-05-24","16439148241.104677"
"2021-03-15","16133669648.642118"
"2021-04-22","16088946932.87137"
"2021-06-21","16023231677.48042"
"2021-05-21","15699719600.31801"
"2021-04-23","15582387270.838633"
"2021-05-23","15579047978.551584"
"2021-10-20","15522145601.613228"
"2021-09-20","15351983925.3955"
"2021-02-09","15206250071.378012"
"2021-01-07","14997830421.247856"
"2021-09-21","14627989118.925055"
"2021-02-26","14614875226.061665"
"2021-01-12","14583627302.297073"
"2021-01-21","14499447533.809427"
"2021-10-21","14492053350.219574"
"2021-07-27","14170215115.290125"
"2021-07-28","14110230197.536049"
"2021-01-10","14040521643.77554"
"2021-08-06","14036938930.787745"
"2021-05-10","13834720164.51147"
"2021-06-22","13682762742.135277"
"2021-04-14","13636539073.658436"
"2021-05-18","13574951081.126268"
"2021-08-09","13518051632.796143"
"2021-10-22","13473880764.369408"
"2021-10-27","13399640412.909515"
"2021-09-08","13325091242.278053"
"2021-02-24","13233866610.812695"
"2021-01-13","13231890194.347565"
"2021-03-13","13212694723.813625"
"2021-01-04","13173240901.936016"
"2021-03-10","13013934988.882114"
"2021-01-06","13009728401.892595"
"2021-11-16","12983917116.377813"
"2021-01-22","12898481345.288036"
"2021-03-24","12859904800.240192"
"2021-01-15","12853965049.702488"
"2021-05-28","12827630771.8275"
"2021-06-09","12807343134.470562"
"2021-04-13","12699839360.493042"
"2021-05-04","12605608178.480192"
"2021-10-12","12535505049.429384"
"2021-09-03","12532713246.341124"
"2021-09-02","12497146650.276598"
"2021-04-16","12469753288.63961"
"2021-09-13","12422018776.74491"
"2021-03-25","12388032038.487568"
"2021-04-26","12378752192.062052"
"2021-02-20","12278755268.768368"
"2021-05-22","12065356204.44142"
"2021-02-19","12054882549.788185"
"2021-02-16","12001129333.787504"
"2021-05-12","11987274835.34925"
"2020-12-17","11933352235.460983"
"2021-09-10","11844567500.25637"
"2021-02-17","11838033867.52868"
"2021-10-19","11744160138.526423"
"2021-05-16","11732167316.961718"
"2021-01-14","11730062207.68014"
"2021-03-12","11689420739.384953"
"2021-02-25","11674484928.351765"
"2022-02-24","11655383839.476713"
"2021-03-11","11616485022.714642"
"2021-03-16","11609720772.451107"
"2021-11-10","11532379032.061102"
"2021-01-03","11515265303.576967"
"2021-01-02","11501133802.372747"
"2021-02-10","11446931658.491571"
"2021-04-20","11331370926.573317"
"2021-09-09","11271417982.01365"
"2022-01-21","11248743609.515211"
"2021-10-26","11103891736.282263"
"2021-09-22","11093927058.979952"
"2021-04-19","11091836266.978893"
"2021-08-12","11090973016.28635"
"2021-06-25","11055664497.46587"
"2021-03-01","11045789337.34453"
"2021-05-26","11017526754.32461"
"2021-08-10","11011192908.610508"
"2021-06-14","10966080459.996412"
"2021-05-25","10909203339.515676"
"2021-02-11","10862639865.492577"
"2021-03-03","10847286519.017828"
"2021-01-05","10842231921.347506"
"2021-10-08","10767855171.574137"
"2021-05-06","10741305740.447878"
"2021-10-13","10636718576.540926"
"2021-05-05","10634378114.47711"
"2021-09-30","10630109290.294542"
"2021-05-15","10609833297.292719"
"2021-03-17","10582789045.9099"
"2021-06-08","10577491593.458479"
"2021-08-17","10549269277.127113"
"2021-08-07","10535749490.391893"
"2021-10-28","10526818735.567478"
"2021-02-12","10511057541.594448"
"2021-03-18","10481674985.074678"
"2021-03-09","10463488205.381386"
"2021-05-14","10438572691.637777"
"2020-12-27","10430231881.189686"
"2021-03-29","10391195037.639751"
"2021-07-08","10362789408.945204"
"2021-10-10","10352108605.930416"
"2021-08-26","10339882466.573837"
"2021-01-27","10333614813.305948"
"2021-02-06","10324325862.733915"
"2021-06-10","10308643920.187803"
"2021-03-31","10307706463.866848"
"2021-07-30","10292734953.014917"
"2021-02-28","10290779172.93758"
"2021-06-23","10265265683.961481"
"2021-04-10","10228054086.722466"
"2021-11-18","10218341749.122496"
"2021-03-04","10201959050.103504"
"2021-05-29","10200368399.222853"
"2021-08-24","10151850556.795881"
"2021-09-26","10111658849.056602"
"2021-03-22","10048406576.282007"
"2021-09-28","10040987020.55184"
"2021-02-04","10033265455.604002"
"2021-08-31","10009420042.776901"
"2021-04-30","10003168255.341797"
"2021-11-26","9999693553.45335"
"2021-01-20","9914179680.967785"
"2021-10-14","9909440779.049671"
"2021-08-19","9819412175.453283"
"2021-03-05","9811877955.932251"
"2021-04-21","9794087222.975653"
"2021-10-11","9727432275.5531"
"2021-05-08","9720203171.173458"
"2022-01-24","9676879357.359907"
"2021-03-26","9656996167.067305"
"2021-10-05","9560994110.760794"
"2021-08-13","9552949193.854635"
"2021-10-07","9530714039.778858"
"2021-04-07","9486334828.415007"
"2021-08-20","9406616493.991512"
"2021-08-08","9351001720.61827"
"2021-09-27","9303172121.453768"
"2021-06-26","9229161597.399775"
"2021-03-08","9195889345.80135"
"2021-06-18","9172375787.957066"
"2021-12-03","9147525930.13051"
"2022-03-16","9107314787.073925"
"2020-11-26","9089545087.774609"
"2021-08-11","9070746003.10184"
"2021-01-28","9017113436.716955"
"2021-05-03","9011200763.946157"
"2021-02-15","9005513701.758574"
"2021-09-06","8993566950.299446"
"2021-05-09","8962989422.169498"
"2021-06-16","8936412869.470453"
"2021-03-02","8906215878.26202"
"2021-08-23","8874941849.122828"
"2021-07-21","8837636872.626974"
"2021-08-16","8815236257.191849"
"2021-11-08","8805560135.46497"
"2022-01-22","8737470369.223743"
"2021-05-27","8730970126.293968"
"2021-01-16","8706817219.848524"
"2021-09-23","8702532774.089645"
"2021-05-31","8673494351.55115"
"2021-01-09","8640027265.799784"
"2019-06-27","8610888665.099197"
"2019-06-26","8606565451.82839"
"2021-03-23","8582561708.815175"
"2021-08-18","8559460203.210125"
"2021-02-14","8544356816.016357"
"2021-05-11","8530254555.50188"
"2021-10-04","8526038096.614907"
"2021-02-18","8517246152.774976"
"2021-12-06","8511419912.496707"
"2021-10-25","8508710995.803928"
"2021-03-30","8503140251.584848"
"2021-06-15","8481438930.021263"
"2021-02-03","8428180307.430234"
"2021-04-12","8420848134.794109"
"2021-06-04","8408987592.899824"
"2021-06-20","8396947034.802668"
"2021-09-16","8390285731.044477"
"2021-08-27","8366371711.4775915"
"2021-02-07","8363728037.47321"
"2021-05-07","8357164908.09675"
"2021-09-01","8352487776.721175"
"2021-06-13","8345055039.329795"
"2021-04-29","8344976544.5539875"
"2021-01-25","8332544545.404465"
"2021-02-21","8332394690.909311"
"2021-03-19","8332365434.321455"
"2021-09-15","8305386363.064462"
"2021-01-19","8268478318.211437"
"2021-08-21","8232272458.817972"
"2021-06-27","8188252866.576157"
"2020-03-13","8165645857.545479"
"2021-04-28","8153027320.638594"
"2021-08-25","8141506652.168691"
"2021-09-29","8134096891.720907"
"2021-06-12","8133794999.3441925"
"2021-01-30","8133220592.798627"
"2021-03-14","8129120848.539439"
"2021-04-25","8123361311.051343"
"2021-11-22","8122172488.109948"
"2021-04-17","8100984544.16105"
"2021-07-29","8083981249.217077"
"2021-04-27","8043226979.7549515"
"2021-08-03","8025613388.467914"
"2021-04-15","7998506539.045134"
"2017-12-08","7990584068.608861"
"2022-02-28","7972284914.278131"
"2021-06-17","7956586566.387093"
"2021-01-26","7948029325.485777"
"2021-11-01","7932153134.235366"
"2021-04-24","7927708497.980256"
"2021-10-29","7922297578.563045"
"2022-01-05","7876938963.559813"
"2021-11-17","7841105209.604584"
"2021-03-21","7831299243.487467"
"2021-04-03","7813568109.9351015"
"2021-11-12","7811470169.185952"
"2021-01-17","7788427138.083717"
"2021-03-20","7786479808.337473"
"2021-06-29","7771038462.361173"
"2021-07-16","7752926145.731189"
"2022-01-26","7668769093.524481"
"2021-02-27","7630471333.538257"
"2021-08-30","7619475110.3403225"
"2021-06-01","7616931084.942264"
"2021-11-23","7562483817.224302"
"2022-03-01","7546372786.005074"
"2021-09-14","7525452405.289349"
"2021-08-04","7515740132.524928"
"2021-11-02","7496334942.966706"
"2021-07-20","7489416048.426747"
"2022-02-08","7487965639.401465"
"2021-02-02","7450099217.469252"
"2020-12-30","7442424435.929913"
"2021-06-11","7441377598.831992"
"2022-02-10","7438568133.503963"
"2021-06-24","7429276273.836226"
"2021-06-07","7426373719.405124"
"2021-12-13","7417393872.473167"
"2021-04-01","7399504457.569428"
"2020-03-12","7396242674.946753"
"2021-11-19","7387840649.743253"
"2021-04-05","7381910669.303151"
"2022-03-10","7379351747.303053"
"2022-03-09","7361153230.238374"
"2022-01-07","7358173305.080745"
"2021-03-07","7355124818.556092"
"2021-04-02","7348142935.459038"
"2021-07-09","7312802202.393461"
"2021-02-01","7203513502.223924"
"2021-02-13","7171506126.673851"
"2021-03-27","7166492487.130444"
"2021-10-02","7125446668.64414"
"2021-06-05","7116439403.838999"
"2021-11-09","7105142234.988298"
"2021-08-02","7101041619.4867935"
"2021-07-07","7093348521.088392"
"2020-12-16","7092823506.771051"
"2021-06-28","7074091400.056252"
"2021-04-06","7046552466.264059"
"2020-12-31","7007438798.529831"
"2021-06-19","7001530240.1796255"
"2021-07-15","6998000235.460712"
"2021-01-18","6965800366.049436"
"2021-02-05","6963560253.769476"
"2021-10-09","6941771716.793605"
"2020-12-23","6938021235.44269"
"2022-02-04","6933725048.257978"
"2021-10-16","6907856479.245863"
"2021-06-03","6901944296.515773"
"2021-10-03","6865432600.836577"
"2022-03-04","6864344979.556305"
"2021-08-14","6835310445.997321"
"2017-12-22","6795065867.196157"
"2021-05-01","6794005516.043184"
"2020-11-18","6784158905.63066"
"2021-11-03","6718036236.262448"
"2021-12-10","6713628645.510496"
"2021-11-30","6709355111.563479"
"2020-12-01","6688550231.895122"
"2021-07-23","6667986164.431801"
"2021-12-05","6624125039.010346"
"2021-12-01","6595762789.941236"
"2021-05-30","6568126001.040378"
"2022-02-21","6558406665.168866"
"2017-12-07","6546275932.119316"
"2020-12-21","6529254894.114221"
"2022-03-02","6511911343.2886715"
"2021-04-08","6456144311.277532"
"2021-06-02","6429111947.788702"
"2021-12-28","6413825062.14746"
"2021-12-15","6397002319.975722"
"2020-12-26","6370701355.28465"
"2021-11-15","6370089523.098399"
"2021-10-31","6350441945.992498"
"2021-06-30","6306070202.749498"
"2021-10-17","6296841369.524667"
"2021-07-19","6290043779.440409"
"2022-03-07","6256889456.506396"
"2022-03-11","6176197184.96643"
"2021-07-24","6162088453.2249775"
"2020-04-30","6136373051.669659"
"2021-09-17","6101353533.561409"
"2021-07-14","6058032418.107491"
"2021-08-22","6054447034.400338"
"2021-08-15","6050039971.308741"
"2022-02-07","6035623376.121848"
"2021-07-01","6019095300.446807"
"2021-07-31","6018842141.292658"
"2021-12-02","5992279654.782852"
"2019-10-26","5990165138.334753"
"2021-03-28","5983787997.966789"
"2020-11-30","5967508283.560452"
"2021-08-01","5949547153.746205"
"2021-09-05","5930036483.4077215"
"2021-04-09","5926571258.264389"
"2021-11-24","5907626719.571981"
"2021-01-23","5884225569.245685"
"2022-03-08","5864995394.724125"
"2021-11-11","5846033255.254421"
"2021-12-17","5828884906.354412"
"2021-01-31","5825088585.241883"
"2021-04-11","5810043182.282546"
"2020-11-24","5794106629.339803"
"2021-09-25","5791680292.741041"
"2020-07-27","5780617504.957126"
"2021-11-25","5768042648.730237"
"2021-07-12","5716850119.766679"
"2022-01-10","5715397768.075937"
"2021-03-06","5712650373.331298"
"2021-12-14","5710212070.612427"
"2020-12-28","5653047035.075192"
"2022-02-17","5647480955.547925"
"2020-05-10","5645253673.641855"
"2021-09-18","5642832765.460585"
"2019-07-10","5615654292.309669"
"2021-07-22","5559660700.039828"
"2020-12-29","5558735978.825381"
"2022-02-11","5548698825.459473"
"2020-11-05","5504085984.336545"
"2021-10-24","5492396478.764298"
"2022-01-27","5481941806.428668"
"2022-02-22","5480742107.625955"
"2022-03-03","5447006990.720098"
"2022-02-25","5445489947.145962"
"2021-10-30","5442424135.45132"
"2021-04-04","5409212064.532451"
"2021-07-05","5401219703.652618"
"2021-12-07","5383313353.361774"
"2022-01-06","5376386712.522754"
"2018-01-16","5370841939.526983"
"2020-12-19","5290498662.713659"
"2019-06-28","5277710401.161966"
"2021-07-06","5266474389.700299"
"2021-11-29","5250524664.867895"
"2021-12-29","5237415913.853782"
"2021-12-21","5237379661.18021"
"2021-12-09","5233539741.057567"
"2021-05-02","5230382236.062186"
"2021-01-01","5206879136.476328"
"2021-12-31","5206616895.664337"
"2021-01-24","5185051660.093044"
"2021-07-13","5177508614.46374"
"2020-12-25","5169543515.334268"
"2020-12-22","5149791018.244847"
"2021-12-23","5118331538.592413"
"2021-12-08","5107798150.014102"
"2021-09-04","5091043666.901573"
"2022-01-20","5070733660.977623"
"2022-01-23","5057421909.639888"
"2019-06-22","5050496860.39892"
"2021-09-11","5048340248.334219"
"2021-07-25","5047334240.971963"
"2020-05-07","5047269201.071779"
"2018-01-17","5027310260.886077"
"2022-01-11","5020787236.814553"
"2020-04-29","4939820825.172671"
"2021-12-20","4939383265.249069"
"2020-05-11","4906507717.727902"
"2020-12-18","4868164206.03684"
"2021-10-23","4868076727.1084795"
"2020-11-17","4849127396.382825"
"2019-07-02","4817809946.602934"
"2022-01-04","4813759458.660894"
"2022-03-18","4804463820.065599"
"2022-03-14","4792141301.909085"
"2022-02-18","4788003653.293364"
"2018-02-06","4779952711.576129"
"2020-11-06","4726227854.225347"
"2019-07-03","4725908637.287752"
"2021-09-19","4656158074.515458"
"2021-07-10","4653024191.9033575"
"2022-02-27","4638374911.513737"
"2021-08-29","4626691956.208296"
"2020-11-25","4590623196.252611"
"2021-06-06","4587662347.1073265"
"2022-03-15","4580929506.996533"
"2021-12-30","4578330567.027361"
"2022-01-28","4572254311.450288"
"2020-12-20","4538861417.166979"
"2022-01-12","4536077814.054386"
"2022-02-15","4523094112.791619"
"2022-01-08","4515429035.939213"
"2022-02-23","4508984243.436113"
"2020-09-03","4489810871.71736"
"2020-03-20","4489629536.071139"
"2022-01-31","4483713618.637725"
"2020-10-21","4475516937.045479"
"2019-07-11","4466007492.189609"
"2022-01-19","4448009655.821539"
"2020-06-02","4445485411.78046"
"2021-12-16","4433914602.47884"
"2021-12-24","4429850716.910544"
"2022-01-25","4426887589.517554"
"2021-11-14","4425902837.860523"
"2021-11-28","4393758909.758912"
"2021-12-11","4380321400.03175"
"2019-07-16","4379162037.566038"
"2019-07-01","4375985055.823895"
"2020-12-09","4332140117.943661"
"2022-01-13","4321154136.634362"
"2020-03-16","4291943096.569447"
"2020-11-12","4284969648.5445256"
"2021-12-27","4253543968.178881"
"2022-02-09","4246942251.5196986"
"2020-11-09","4221604515.489464"
"2021-09-12","4184966061.5943027"
"2021-11-21","4168312591.0539093"
"2020-12-24","4139462336.3896513"
"2022-02-14","4134726266.264153"
"2017-11-29","4129687285.5469522"
"2021-11-13","4118344172.592705"
"2019-09-24","4082973769.0497346"
"2021-12-19","4068977862.54526"
"2021-08-28","4032398245.0912795"
"2020-11-20","4032203440.4557753"
"2021-07-17","4028747991.8285265"
"2022-03-17","3976985924.055472"
"2020-11-27","3954833582.744679"
"2020-03-19","3952436848.5450096"
"2022-02-01","3927084654.432086"
"2019-05-17","3919633855.4158015"
"2022-01-14","3918696725.0863976"
"2021-07-03","3911564835.986675"
"2017-12-20","3893930769.18897"
"2020-12-02","3891028908.115769"
"2019-05-12","3884152975.333507"
"2022-01-03","3880820985.5727735"
"2020-05-14","3863036911.8230724"
"2021-11-07","3859706195.6937375"
"2022-03-21","3853886629.6857758"
"2021-12-12","3831001779.00268"
"2020-11-07","3820189819.4684873"
"2017-12-10","3806490795.4844"
"2019-05-13","3796046669.3261065"
"2022-02-02","3790331590.1846805"
"2022-01-18","3779007955.508603"
"2019-05-14","3775125292.3674703"
"2022-02-03","3767397534.5420475"
"2021-12-22","3766962874.4467344"
"2019-06-30","3766668599.2527723"
"2019-07-18","3758500065.8864236"
"2022-03-06","3737040314.560441"
"2021-11-27","3729475936.1741123"
"2020-08-02","3700007208.443054"
"2018-02-02","3684824576.660223"
"2020-06-11","3671209617.313713"
"2020-11-19","3662534481.8166556"
"2020-05-15","3651667176.9780746"
"2021-12-18","3645112568.0596614"
"2020-11-22","3638211243.102349"
"2019-07-17","3630960988.841273"
"2020-12-08","3608993802.6227913"
"2021-07-04","3593672362.5735874"
"2019-06-25","3578632811.5218086"
"2020-05-08","3573727796.7290754"
"2019-07-15","3568905322.7078424"
"2020-11-23","3566358519.87338"
"2020-05-21","3561168900.793526"
"2020-01-14","3548756407.2368717"
"2019-06-29","3545035987.1755323"
"2020-07-28","3539694256.7378874"
"2019-08-06","3531919585.2580476"
"2021-07-18","3503381397.8787622"
"2018-02-05","3484799714.88038"
"2020-05-06","3484544799.931884"
"2021-11-04","3483812544.952841"
"2022-02-05","3482538784.134023"
"2022-02-16","3460566741.8773828"
"2020-11-21","3417973022.518473"
"2020-10-28","3412335990.7745066"
"2020-03-23","3411616270.9454684"
"2021-07-11","3404586103.405269"
"2020-09-04","3397215219.2279134"
"2022-02-20","3383572362.158053"
"2019-05-11","3368938806.968683"
"2018-01-18","3358075207.6832757"
"2018-03-09","3357825225.332334"
"2020-12-04","3342294706.6524916"
"2020-12-15","3342251997.205617"
"2018-02-21","3329687526.0717673"
"2019-07-04","3327906805.149419"
"2020-09-02","3302947933.1752295"
"2020-09-05","3294208997.418274"
"2020-03-24","3288664986.7811747"
"2017-12-09","3286080684.442788"
"2020-04-02","3284944728.1740737"
"2020-11-16","3284763345.677781"
"2020-12-11","3283211444.573596"
"2020-11-04","3268477674.529116"
"2022-01-17","3257113761.142183"
"2020-08-01","3239390132.9682517"
"2019-07-09","3218397219.036786"
"2019-06-16","3199401175.9688487"
"2017-12-19","3194262445.2049274"
"2019-07-14","3179877386.6129384"
"2019-05-30","3152490689.805376"
"2020-03-09","3147673999.3530407"
"2019-06-04","3147507457.4569025"
"2019-05-19","3142951263.339657"
"2021-12-26","3141783327.4135146"
"2020-11-13","3129856882.167878"
"2021-11-20","3118432023.255821"
"2020-08-17","3092872955.8917594"
"2017-12-21","3087738268.2161"
"2020-11-11","3085735649.2693825"
"2022-01-29","3081075568.25493"
"2019-04-03","3079451609.787591"
"2019-08-07","3076188225.6106014"
"2022-03-20","3063520608.881785"
"2020-08-11","3059343400.865212"
"2018-02-07","3058842602.390896"
"2022-03-13","3054332281.155054"
"2018-03-07","3052871778.5806875"
"2018-04-25","3044669663.6531625"
"2022-01-09","3044382068.233068"
"2020-10-27","3041956020.2162447"
"2020-12-03","3041884511.954573"
"2022-02-12","3032402813.909688"
"2019-08-05","3028401379.2495303"
"2018-02-22","3020823268.183449"
"2019-05-16","3015163945.360412"
"2018-11-20","2998323120.7483907"
"2018-01-11","2977513724.1101623"
"2019-05-20","2971063844.576255"
"2017-12-11","2968894668.0751853"
"2022-02-26","2968088614.0841327"
"2020-08-10","2955365007.284787"
"2019-06-21","2947399483.033006"
"2017-12-06","2946974218.6572566"
"2019-06-23","2941119617.3757706"
"2022-03-19","2940955889.676647"
"2022-01-01","2934662330.7537746"
"2020-12-13","2913233856.469338"
"2017-11-30","2911700027.8016715"
"2019-11-22","2901362420.348967"
"2020-12-10","2897803548.6599817"
"2020-02-26","2893592936.139013"
"2019-10-25","2884152883.259239"
"2019-11-25","2871755172.187622"
"2020-01-08","2866662773.9680805"
"2019-08-15","2866460991.50578"
"2019-05-15","2858843571.179836"
"2018-02-18","2842707755.889901"
"2020-04-06","2840679060.9948235"
"2020-03-17","2830457618.506318"
"2022-03-05","2816351420.085703"
"2019-04-02","2804934016.625825"
"2021-11-06","2792821977.971538"
"2020-05-20","2782890345.4433827"
"2020-05-19","2764309829.3326826"
"2017-12-28","2757649718.080469"
"2020-08-07","2757403548.67975"
"2018-02-20","2756168682.8068795"
"2020-06-15","2753780941.244369"
"2020-05-09","2750118608.3312445"
"2017-12-13","2745383118.2735305"
"2017-12-24","2744672478.256596"
"2020-05-03","2743471035.193738"
"2020-05-18","2739869213.2220645"
"2020-09-01","2737100610.04111"
"2018-10-15","2734679908.204018"
"2017-12-23","2731139250.336889"
"2020-08-05","2729968453.072654"
"2019-10-27","2725483129.506302"
"2020-04-16","2716124018.390394"
"2018-02-01","2712469603.255144"
"2019-07-05","2711994251.7950397"
"2021-12-25","2711574915.7931128"
"2018-01-05","2698704330.631605"
"2020-08-25","2696123025.142049"
"2022-01-02","2692076929.957558"
"2020-05-13","2680354384.3533745"
"2019-05-27","2678354979.000103"
"2020-11-28","2677389969.6122456"
"2018-02-15","2662565479.338669"
"2020-10-22","2658687044.456302"
"2020-08-06","2656473479.0247593"
"2020-05-04","2654304510.2423496"
"2019-06-17","2650642440.3033967"
"2020-07-29","2643217971.1611733"
"2018-01-08","2638744506.2816706"
"2020-10-30","2634695576.44242"
"2020-05-01","2628713111.7011547"
"2019-07-12","2624943521.442119"
"2017-12-12","2624506235.942946"
"2017-12-15","2623941056.9906707"
"2020-10-31","2623905198.0267777"
"2020-04-23","2622488114.1325574"
"2020-03-15","2617125732.95745"
"2018-03-30","2615231759.477166"
"2019-06-24","2605153909.160545"
"2017-12-18","2601120477.8403344"
"2021-11-05","2599436489.104441"
"2020-03-25","2594337223.931503"
"2019-07-08","2593390531.646199"
"2017-12-30","2591942941.2409654"
"2020-08-18","2586320181.944812"
"2019-08-14","2579520637.2468166"
"2020-08-19","2575425554.5234923"
"2019-07-19","2573167311.851669"
"2019-05-26","2563337055.2467313"
"2020-10-29","2562548481.6168375"
"2020-06-01","2546874794.5463157"
"2020-11-03","2533603674.570331"
"2020-05-28","2528620525.6039805"
"2019-06-03","2522140425.08866"
"2019-06-18","2513192321.9349885"
"2017-12-03","2512787989.3532724"
"2022-01-15","2511246049.467873"
"2018-01-22","2500919758.6504283"
"2018-03-08","2493917548.868797"
"2020-05-17","2484982706.6913533"
"2019-07-13","2481676006.733725"
"2020-11-10","2477476074.8434305"
"2020-11-08","2465943674.073683"
"2019-08-16","2458446191.2928576"
"2020-09-08","2452094858.699717"
"2018-02-23","2451212437.6436095"
"2020-07-31","2447352608.374058"
"2017-12-27","2445550483.342356"
"2019-10-28","2445123812.16313"
"2022-02-06","2444963531.2151184"
"2020-05-05","2443787045.632903"
"2018-03-14","2442699470.8961864"
"2018-03-18","2441999074.0831027"
"2020-02-13","2427547385.0789886"
"2020-04-07","2425918225.1756234"
"2017-12-26","2425299460.2398124"
"2018-03-15","2424780131.4100056"
"2020-03-22","2419056397.8099937"
"2019-05-31","2417313540.595781"
"2020-03-14","2413313286.900738"
"2020-08-27","2402301728.771051"
"2019-09-26","2395259300.2299147"
"2020-11-02","2387189645.187921"
"2020-07-30","2384480992.021917"
"2018-03-19","2366252061.0205264"
"2020-12-14","2358645226.1149616"
"2022-03-12","2355048865.4740744"
"2017-12-17","2352921779.909058"
"2020-08-12","2347792964.6153545"
"2018-04-12","2343595962.296922"
"2020-12-07","2340818387.9174786"
"2020-08-13","2340047120.7724204"
"2020-11-14","2339614833.555275"
"2020-07-26","2328104770.690726"
"2018-03-29","2324632230.10558"
"2020-08-21","2319392853.311471"
"2019-05-24","2313480460.595394"
"2018-03-12","2310926835.270705"
"2020-03-08","2310170006.05104"
"2022-01-16","2306253667.4041004"
"2018-01-04","2299287745.0587106"
"2018-03-11","2296957819.7786236"
"2020-09-21","2291190871.64691"
"2022-01-30","2288469013.864234"
"2020-03-21","2288092985.090162"
"2018-01-30","2280585869.7537446"
"2020-03-30","2279983240.9376063"
"2019-09-06","2278177519.799542"
"2018-01-23","2277891285.176188"
"2018-11-19","2276996061.9813347"
"2018-01-10","2272772957.687557"
"2019-05-22","2263616141.9228616"
"2019-08-08","2253699663.7955756"
"2020-12-12","2251607815.692586"
"2018-11-14","2248083107.3997827"
"2020-03-10","2245831112.88347"
"2019-12-18","2244733068.3877273"
"2019-09-25","2235423353.9391403"
"2019-05-21","2232352862.380603"
"2019-05-23","2232297441.776983"
"2020-01-15","2231752111.4241877"
"2018-01-26","2225866001.407245"
"2017-11-12","2220187662.78753"
"2020-05-24","2211434189.813747"
"2019-07-06","2207789098.284701"
"2018-02-17","2203869653.9563828"
"2020-06-22","2193617582.450173"
"2020-05-12","2187752290.430415"
"2020-06-04","2183610100.3791065"
"2018-01-21","2176312892.718674"
"2020-04-10","2175312688.6935887"
"2018-01-02","2173624818.9415"
"2020-10-20","2170880246.5119114"
"2020-09-07","2170381808.9597054"
"2020-06-24","2167851555.9579988"
"2019-08-21","2165155361.645704"
"2020-02-19","2160830305.012042"
"2020-10-26","2152814596.391318"
"2020-03-18","2147645808.845397"
"2022-02-13","2142176390.0465174"
"2019-07-20","2142036287.8246896"
"2019-11-27","2133803691.5692644"
"2020-05-27","2128186372.8667421"
"2019-07-27","2114547595.4126322"
"2019-06-05","2113607445.4383845"
"2020-09-14","2110525328.0095465"
"2020-06-25","2106880908.2138262"
"2020-01-19","2105219345.018172"
"2019-05-29","2104134974.1930127"
"2018-03-06","2102610245.7392852"
"2017-12-14","2102605012.5523076"
"2020-11-29","2102450731.0293856"
"2020-09-15","2101560385.982987"
"2020-10-01","2093455450.7867959"
"2018-04-24","2093261080.577408"
"2019-09-03","2093008577.74668"
"2020-02-28","2087810068.6805398"
"2019-06-20","2085393053.1636248"
"2018-02-24","2082112025.218537"
"2020-02-27","2080929636.1019762"
"2020-04-03","2071842430.805958"
"2018-02-19","2069410164.949756"
"2017-12-16","2069074663.8806887"
"2020-09-16","2065323314.9747121"
"2020-08-26","2054604641.038248"
"2020-04-20","2054000664.6112282"
"2019-06-14","2047754808.5000772"
"2020-05-22","2045300622.390029"
"2020-01-07","2042755314.2637925"
"2020-04-13","2042448706.7965057"
"2020-04-01","2039947600.6129577"
"2017-12-01","2038674176.859863"
"2020-05-30","2023405211.230207"
"2019-12-04","2022274049.0111458"
"2020-06-10","2020897995.580943"
"2020-06-07","2019616650.708212"
"2020-01-17","2013420307.7634442"
"2019-08-10","2009952148.5390444"
"2018-01-19","2009387850.5112445"
"2018-05-11","2006832750.5040493"
"2019-06-12","2004570279.6097393"
"2018-11-25","2002104796.8858693"
"2018-02-26","2000263208.7541869"
"2018-04-13","1998682910.1323225"
"2020-02-17","1997343398.1611586"
"2019-05-28","1988734882.1612198"
"2020-05-16","1986233276.2490664"
"2020-02-18","1984522645.5829632"
"2018-01-20","1982860534.4726155"
"2020-08-14","1981256149.0637724"
"2018-03-13","1977951891.1641939"
"2020-03-27","1974410947.0583556"
"2018-02-14","1972897369.0201545"
"2020-01-10","1972375435.3307931"
"2018-03-20","1966957396.2799559"
"2020-06-05","1965503500.4100242"
"2017-12-29","1959974051.4061186"
"2020-06-16","1954663914.0519295"
"2020-05-25","1947457307.949734"
"2020-03-11","1947111751.5312471"
"2018-02-28","1946954469.6702952"
"2022-02-19","1938582491.1751983"
"2018-02-04","1934503462.2910564"
"2020-12-05","1932610041.9415388"
"2018-01-06","1930030055.7104106"
"2018-03-10","1929756396.7980118"
"2019-07-23","1920465653.9933083"
"2020-09-24","1920281340.2895274"
"2020-06-19","1913636777.4736562"
"2020-12-06","1903493258.3344612"
"2020-05-02","1902921872.0224252"
"2019-09-19","1895305149.9246821"
"2019-08-28","1893736004.9594107"
"2019-08-26","1890836532.8409936"
"2020-03-28","1887101966.206879"
"2018-01-03","1882910446.8215387"
"2020-09-17","1881268049.8915205"
"2020-05-29","1880767138.878217"
"2020-02-24","1875224182.7373168"
"2019-07-22","1870439259.5381043"
"2020-10-23","1869127391.4815383"
"2019-07-24","1862424842.8820732"
"2019-08-09","1861629426.460601"
"2018-02-27","1857442801.0735795"
"2019-06-06","1855892253.7851021"
"2018-02-10","1850234608.422204"
"2018-12-20","1849869666.9905303"
"2019-06-19","1839632949.8553255"
"2019-06-15","1836730549.0102339"
"2018-01-09","1835651014.9463403"
"2020-09-10","1835218710.8785622"
"2020-04-08","1832508394.5458746"
"2020-08-15","1828678762.3677378"
"2018-02-16","1826669282.1062865"
"2020-10-08","1815447236.0154"
"2020-10-02","1815392699.147799"
"2019-06-07","1814070211.6994486"
"2018-03-26","1812945882.832171"
"2018-07-24","1812492670.779558"
"2019-06-10","1812321921.2708304"
"2020-06-12","1811738892.773457"
"2020-10-16","1809393401.163955"
"2018-02-08","1808237061.850999"
"2020-02-05","1807076255.5136092"
"2020-06-09","1805856329.7856202"
"2019-05-18","1804757590.7786593"
"2020-03-05","1802395401.2592833"
"2020-02-11","1799860281.7703927"
"2020-05-26","1797215368.8786047"
"2019-10-29","1794706100.1814234"
"2020-01-28","1790516008.0121682"
"2020-06-26","1790021212.7001572"
"2020-06-03","1789072152.426296"
"2020-07-02","1786999137.0424664"
"2020-08-28","1780224865.9603415"
"2019-05-03","1776420418.5749693"
"2020-02-15","1774203627.934611"
"2020-06-17","1771827450.9925866"
"2019-05-10","1770352614.3379827"
"2019-06-02","1770037069.7101693"
"2020-09-28","1769262421.0785244"
"2018-03-16","1768769859.861697"
"2020-07-06","1768371722.2933583"
"2018-11-28","1767256477.883613"
"2020-03-02","1764867810.6655164"
"2019-06-01","1764020500.3167136"
"2020-05-31","1760494074.9994678"
"2019-06-13","1756182685.446067"
"2018-11-15","1756082335.8481703"
"2019-11-08","1754380515.2215548"
"2018-11-26","1752522156.8916225"
"2020-08-03","1751892984.3427715"
"2020-02-10","1751250203.5776308"
"2018-01-24","1738809858.8933983"
"2020-08-04","1737906394.8946924"
"2018-04-26","1735465940.8419447"
"2020-10-15","1733180019.6052268"
"2017-11-08","1732472460.3976872"
"2017-11-02","1731839325.1788034"
"2020-02-25","1731038761.3042676"
"2018-03-22","1729465222.7956934"
"2019-08-02","1727452856.2921479"
"2018-03-21","1726916608.1364467"
"2019-07-07","1721795449.6745815"
"2019-09-04","1716131321.3063931"
"2020-10-12","1714436941.6936977"
"2017-12-25","1713464824.9415612"
"2020-06-23","1710704756.0521934"
"2018-01-12","1710225889.150018"
"2020-07-21","1706665037.5705075"
"2019-09-02","1698913648.2189312"
"2019-09-30","1697017484.5616508"
"2020-03-03","1687753980.1306853"
"2020-02-12","1686782985.386109"
"2018-02-12","1686548122.3258553"
"2018-12-07","1685121408.1880069"
"2018-02-03","1684406192.1323683"
"2020-07-23","1683217111.5843222"
"2020-01-30","1682108660.6579888"
"2020-10-19","1681563706.058739"
"2018-01-07","1679641508.15302"
"2017-09-15","1675805470.646548"
"2019-11-21","1670680315.2858715"
"2020-02-06","1668180108.2414458"
"2020-09-22","1667519336.424349"
"2018-03-01","1666660112.0643606"
"2020-01-03","1666008414.9750226"
"2017-11-10","1664679551.681348"
"2019-07-21","1662158074.7671835"
"2020-09-23","1658785480.5026777"
"2020-04-27","1656216287.1831722"
"2020-08-20","1656062580.5619369"
"2019-04-11","1655656592.4595904"
"2019-08-04","1653263379.9845998"
"2019-04-26","1644043808.919166"
"2020-11-15","1643953830.9531777"
"2020-04-24","1640480016.691559"
"2019-07-31","1634318870.8036141"
"2018-04-20","1632904384.2355223"
"2018-01-31","1630627733.0896213"
"2020-10-13","1628148333.7955258"
"2019-05-07","1627194309.477194"
"2017-12-31","1627019897.758788"
"2019-10-09","1623460566.0698588"
"2020-10-10","1622806104.3409822"
"2018-05-14","1612527376.5330613"
"2019-08-13","1609204593.3256564"
"2020-09-09","1608263698.9104378"
"2020-09-25","1607676199.3532917"
"2020-10-25","1607463891.0945127"
"2020-08-31","1605546786.442418"
"2020-08-24","1601018921.6836078"
"2019-04-25","1599507107.1780462"
"2019-12-23","1597322822.9748733"
"2019-08-19","1595213979.970587"
"2019-04-08","1593819872.9365451"
"2017-11-13","1592844111.0230687"
"2019-06-11","1589458706.4114015"
"2018-12-19","1586891687.069206"
"2018-02-09","1579653310.97106"
"2018-03-23","1577801307.642899"
"2020-02-16","1575067811.794068"
"2019-04-04","1574520567.1134284"
"2019-06-09","1574197458.8733184"
"2019-08-01","1571251883.394584"
"2020-04-04","1570137254.694454"
"2020-08-08","1569504983.5734074"
"2019-10-30","1567304256.9920962"
"2019-07-25","1562854138.1799529"
"2020-04-12","1557512214.9647787"
"2018-03-02","1556891370.6948073"
"2018-05-03","1554296594.7428524"
"2020-10-06","1553061191.2201967"
"2018-03-27","1550056503.923595"
"2020-09-06","1546985193.2123992"
"2019-10-31","1546445652.561769"
"2020-02-20","1545161980.9895332"
"2020-06-18","1537653374.5694485"
"2020-03-26","1533721197.3469334"
"2017-12-04","1533204945.3392756"
"2020-04-14","1532860080.3431993"
"2018-03-03","1532323660.336488"
"2020-08-16","1532056500.537969"
"2020-07-08","1530683297.3561103"
"2020-10-09","1528047210.9530222"
"2019-08-29","1524825357.2318406"
"2018-01-15","1523927875.1551573"
"2018-04-01","1523612314.009557"
"2020-08-22","1522427971.7476895"
"2019-04-24","1517874976.626179"
"2020-02-14","1514827526.838972"
"2019-05-25","1512659541.3826118"
"2018-05-12","1508227433.8411577"
"2019-10-11","1504558558.4223144"
"2020-09-13","1502600506.262663"
"2020-06-20","1499945160.8861072"
"2019-11-29","1499709668.389156"
"2018-06-10","1499594642.9855385"
"2018-03-31","1497265181.5040867"
"2020-05-23","1494792823.6186123"
"2018-01-14","1493043537.9511738"
"2018-04-03","1491865803.9059753"
"2020-07-22","1491495984.8877048"
"2018-04-04","1490924270.7145202"
"2020-03-06","1488055161.8648167"
"2018-01-25","1487552695.7817063"
"2020-08-09","1486286538.8451784"
"2020-07-16","1485675225.252969"
"2018-03-17","1481055312.963768"
"2020-06-27","1480070007.070565"
"2020-04-26","1476415176.5912387"
"2020-11-01","1475881947.8416595"
"2019-04-23","1475566339.2722726"
"2019-08-22","1474388006.6476262"
"2018-04-21","1469646140.9928894"
"2017-11-27","1465899788.2680829"
"2018-11-21","1461640756.7402682"
"2018-02-13","1460092478.812616"
"2019-11-24","1458595766.0177119"
"2019-05-09","1454022497.6027846"
"2019-09-09","1448247435.7181387"
"2019-08-03","1448112862.0152843"
"2018-08-15","1442454888.1819003"
"2020-09-29","1440072984.6277845"
"2019-05-04","1439273327.9359689"
"2020-01-09","1438098624.1596448"
"2020-02-03","1436425405.9215198"
"2020-06-08","1436175525.0831711"
"2020-01-29","1434579748.8606555"
"2018-12-21","1433797002.35153"
"2020-09-11","1430730489.2729206"
"2017-11-16","1429574678.945686"
"2020-04-28","1427909200.3521738"
"2019-11-26","1427771793.3993182"
"2020-09-30","1420561098.462132"
"2018-02-11","1420171138.9783907"
"2020-01-27","1419571095.5724995"
"2020-08-30","1413218286.5409994"
"2019-07-29","1412572989.6256943"
"2018-05-23","1412478062.0202255"
"2018-03-05","1411336896.8502321"
"2019-09-27","1409854421.0445611"
"2018-08-22","1409291943.44115"
"2020-07-24","1408061875.163704"
"2020-09-18","1406006028.9962"
"2019-04-10","1400054997.1506329"
"2020-07-09","1396901602.1594532"
"2020-10-14","1396694044.0263612"
"2018-02-25","1388041930.6841846"
"2020-01-16","1387945861.1266532"
"2018-09-06","1386893298.5507011"
"2020-04-09","1384945813.6244419"
"2018-05-07","1382347413.0226297"
"2020-07-25","1379165432.4630392"
"2019-06-08","1378536951.8554764"
"2018-01-27","1377526056.8681505"
"2020-02-09","1377040895.6262057"
"2018-12-06","1375701195.8872156"
"2018-09-05","1373437449.456149"
"2020-04-15","1369049395.442365"
"2018-08-08","1368880545.7738001"
"2018-04-09","1368196051.8842206"
"2018-01-28","1366903313.640142"
"2018-10-11","1365414819.6285536"
"2020-03-29","1362307945.7364297"
"2020-03-31","1360455529.6500835"
"2018-03-24","1359662843.1549923"
"2020-01-06","1357343183.0288706"
"2019-11-04","1355467610.5677147"
"2018-11-29","1355035565.521862"
"2020-10-24","1347934067.1374307"
"2018-07-31","1343005762.920496"
"2017-11-26","1342070478.7769494"
"2018-07-18","1340399118.1736543"
"2018-03-04","1336266967.0656962"
"2019-12-01","1336045937.8841147"
"2017-10-13","1329749081.1056545"
"2017-11-17","1329564542.4569166"
"2020-04-17","1329511524.353365"
"2020-03-01","1328887652.4742622"
"2017-12-05","1328173813.537185"
"2019-10-07","1325907485.799718"
"2020-04-25","1323440077.8558621"
"2019-04-05","1323391870.923768"
"2019-11-01","1321552028.3159878"
"2019-12-05","1321334435.5197246"
"2020-04-21","1320434487.7965167"
"2019-11-15","1318639833.5942109"
"2018-04-16","1315562990.3845117"
"2018-11-30","1309506259.6387966"
"2018-12-24","1309173457.9814587"
"2020-01-23","1307560352.0187888"
"2018-04-27","1305430679.706391"
"2019-12-17","1303977549.5429294"
"2020-07-14","1301339503.064008"
"2018-01-13","1300838502.938994"
"2020-06-21","1299660512.602005"
"2019-10-01","1298191790.0216799"
"2019-08-20","1298104863.8544142"
"2018-04-05","1297626387.4798493"
"2018-06-22","1297483386.9106305"
"2019-07-28","1292537001.2024732"
"2020-09-20","1291407789.1497095"
"2020-07-13","1290794200.4163928"
"2017-12-02","1289007334.7709427"
"2018-07-25","1284612246.0711195"
"2020-01-11","1280981888.7571995"
"2020-02-04","1280498342.5080917"
"2017-11-21","1276436654.7253275"
"2018-04-28","1275128707.502971"
"2020-02-21","1270004723.6372135"
"2019-02-24","1268891150.8208668"
"2019-07-30","1262459608.173737"
"2020-07-01","1261308148.9774559"
"2020-04-22","1260293901.0171955"
"2020-01-31","1259180204.8823752"
"2018-09-21","1257157723.5739489"
"2019-04-06","1256556100.1848311"
"2020-03-07","1255808396.8960607"
"2018-04-02","1252922244.669151"
"2019-04-07","1252710657.7357252"
"2018-06-13","1252420084.2925086"
"2018-11-27","1249749549.197304"
"2018-05-05","1244872253.8873246"
"2020-10-05","1244736073.3065152"
"2019-12-19","1243903055.6478558"
"2020-08-29","1243673427.3872528"
"2020-08-23","1236582163.477373"
"2020-02-23","1234212477.2177494"
"2019-11-28","1234150558.312617"
"2018-05-08","1229448496.724182"
"2018-07-17","1227005214.5222661"
"2018-05-04","1224420782.5942822"
"2018-05-15","1219542518.5559883"
"2017-11-15","1218687943.6773744"
"2018-07-23","1218204431.7911618"
"2017-11-28","1217580733.5415943"
"2019-08-17","1215639084.7744563"
"2017-09-14","1212262344.8737638"
"2018-05-24","1210580400.7274654"
"2018-11-24","1209589240.5080445"
"2020-09-19","1208644057.5589054"
"2019-11-18","1208147314.6473222"
"2019-12-09","1207999269.0540879"
"2019-08-23","1203399781.674024"
"2018-08-14","1199767708.3449795"
"2020-06-13","1199437172.3187203"
"2019-08-11","1199303206.3648095"
"2019-07-26","1196179432.9006944"
"2020-03-04","1195082981.7049978"
"2019-04-09","1190460572.9555864"
"2018-05-10","1188625113.6418257"
"2019-11-05","1186770635.5201373"
"2019-05-08","1185009935.3496978"
"2018-05-06","1181090508.453617"
"2019-12-06","1178008486.976528"
"2017-11-06","1177260181.882898"
"2020-07-10","1175472118.0298324"
"2018-01-29","1174536185.0972793"
"2018-05-16","1170765944.2465434"
"2018-07-30","1167103128.1128414"
"2018-05-09","1162082175.8634956"
"2020-06-06","1160979566.8432138"
"2018-05-01","1158503291.969254"
"2019-08-24","1158010822.3299487"
"2018-01-01","1157008795.140794"
"2019-09-11","1156206790.2200577"
"2020-10-07","1152648790.3748367"
"2018-07-27","1151453356.8221395"
"2018-08-10","1150027650.9171987"
"2017-11-03","1132469425.9808452"
"2018-03-28","1131000930.2653506"
"2020-02-08","1130917594.6869848"
"2020-09-12","1130650996.9604816"
"2020-02-02","1127846645.2154815"
"2020-06-14","1125216806.2407944"
"2018-04-22","1124165940.193753"
"2019-11-23","1123295638.8288925"
"2019-09-05","1121241138.8194816"
"2017-11-11","1120384866.8251312"
"2018-04-29","1117077431.4239225"
"2019-12-16","1115670026.3441179"
"2018-11-23","1114776632.1771865"
"2019-08-27","1111072312.3985958"
"2020-02-29","1109735152.2290738"
"2019-04-17","1108131741.6106794"
"2019-10-10","1107186567.6087818"
"2020-07-20","1107007207.0390074"
"2020-02-07","1103063953.6811237"
"2019-09-23","1102948445.90668"
"2020-07-07","1102823599.5973797"
"2019-01-10","1102596449.270663"
"2020-07-03","1100407972.255923"
"2019-11-11","1098487135.3661604"
"2019-09-12","1097207854.6812406"
"2020-04-19","1090807592.081143"
"2018-08-01","1090730447.48684"
"2020-09-27","1090489308.334968"
"2018-06-14","1089589400.8483858"
"2019-04-12","1089369954.4537678"
"2020-07-15","1088313194.2199876"
"2018-03-25","1085825325.7102919"
"2018-07-26","1085181450.4780502"
"2019-09-10","1078360055.7901332"
"2019-04-22","1076498403.9179053"
"2020-09-26","1074637471.593262"
"2018-12-25","1072491557.8030206"
"2020-04-05","1071082295.6144632"
"2018-04-17","1069260468.6689345"
"2019-09-16","1064747125.1288779"
"2019-12-24","1062291854.5017792"
"2018-12-17","1057431051.723307"
"2019-05-06","1056660300.033661"
"2018-05-13","1049167792.5614915"
"2019-11-30","1045638723.2779137"
"2020-04-11","1045334246.2992823"
"2019-02-18","1042829301.8635596"
"2019-12-02","1042774187.9065713"
"2018-09-28","1040980572.8657652"
"2018-12-03","1040843320.2154033"
"2019-08-25","1039886931.9844398"
"2018-04-15","1039373912.224914"
"2018-07-20","1028554292.0243206"
"2020-01-18","1026919787.2227081"
"2019-08-30","1023274624.8196507"
"2018-04-19","1022783933.3127156"
"2020-01-24","1021761491.6246313"
"2019-09-28","1021327721.3343868"
"2018-05-29","1019031483.4871756"
"2018-08-09","1018489509.9184937"
"2018-08-03","1016853519.2744741"
"2018-04-18","1016584071.2338146"
"2019-09-13","1015234714.0055015"
"2019-11-06","1015196895.8819473"
"2018-04-14","1010635405.4736645"
"2018-04-30","1008428353.8013793"
"2018-04-23","1006648858.222833"
"2018-06-24","1004099766.9603677"
"2019-11-19","1003463217.9698473"
"2019-12-10","1003410731.9443489"
"2020-01-20","1002130655.7380192"
"2019-05-05","1000927497.886882"
"2019-11-12","997499593.5449076"
"2020-04-18","996453696.9809942"
"2020-10-11","993112585.6864607"
"2019-04-16","984885935.6126391"
"2019-12-12","984579776.366522"
"2018-12-04","982221823.805479"
"2020-06-30","980191636.3599291"
"2018-04-06","978507324.5013174"
"2019-11-07","978471706.8530339"
"2019-05-02","978146658.7620623"
"2019-04-18","977982179.5453094"
"2019-10-06","976900906.1682022"
"2019-08-18","974820423.3099772"
"2018-05-02","971274285.805534"
"2018-04-07","970440917.0890654"
"2018-08-07","969998703.6719047"
"2018-08-28","960549592.1965488"
"2017-10-12","956490798.138402"
"2018-12-18","955487347.5964385"
"2019-12-27","954556466.7377638"
"2018-08-13","945471067.9395404"
"2018-09-19","943962024.2211984"
"2020-07-05","943906138.0893774"
"2020-01-21","941036621.9129586"
"2019-02-19","937050156.9544008"
"2019-12-22","936086616.8700299"
"2018-08-11","931709892.5711803"
"2018-08-17","930999988.3726075"
"2017-11-09","928952832.1304367"
"2020-10-04","927868176.7690228"
"2019-09-29","927428983.9167459"
"2018-11-16","926571502.7070576"
"2019-11-10","919525233.159613"
"2019-04-29","918610766.462613"
"2018-09-25","918607547.4520772"
"2018-06-12","911509346.1134644"
"2018-12-08","910379684.0861741"
"2019-04-30","908104918.2406778"
"2019-10-03","903772460.3988887"
"2018-12-05","903518068.7004924"
"2018-05-17","902070162.3329624"
"2020-10-03","901935738.6864786"
"2018-09-02","899408575.367109"
"2019-04-21","898634112.3590459"
"2018-07-19","896731792.2649356"
"2019-08-12","892727460.1569648"
"2019-03-05","892070792.2363575"
"2018-08-04","890386759.452312"
"2017-11-25","889940337.8604035"
"2020-07-17","887660701.4096042"
"2017-11-01","887330810.9816911"
"2019-09-07","886678311.2596133"
"2020-01-05","886023962.8912098"
"2019-10-15","884556924.2281438"
"2019-03-08","879652648.7201157"
"2018-12-01","873649843.0499406"
"2018-12-28","872466564.8120792"
"2018-06-11","870123969.2038492"
"2019-09-18","869304324.8827364"
"2018-11-22","867851406.9555813"
"2018-05-25","866900250.0410768"
"2019-12-26","866651231.3690982"
"2018-08-16","864792238.5074472"
"2019-04-15","861415697.8768554"
"2020-07-12","861253295.3706452"
"2017-09-04","857685901.1397036"
"2017-10-24","855288731.9868712"
"2019-10-08","851566351.9422542"
"2019-09-20","849945965.9261006"
"2018-07-16","849945696.2480133"
"2019-04-27","849541013.7798882"
"2018-08-30","848614575.9851614"
"2017-08-15","847945283.4516754"
"2018-12-02","844992584.0389684"
"2019-04-19","841022090.3365536"
"2017-09-13","839750186.183741"
"2017-10-23","838786682.618015"
"2019-09-08","836498143.6825811"
"2019-03-04","833460554.2216201"
"2019-10-22","830488533.4121261"
"2017-11-24","829018514.6277211"
"2018-05-18","826009645.0603473"
"2019-10-23","823404954.7512889"
"2020-01-13","823241233.1684369"
"2017-10-18","820558186.7959558"
"2020-01-12","820193463.0904192"
"2019-02-08","818500212.6228893"
"2018-12-27","818156255.5190419"
"2017-10-20","816584743.2385134"
"2020-06-28","816549304.4710617"
"2019-09-17","813650837.3915429"
"2019-04-01","812083208.5161054"
"2019-11-14","810721329.886817"
"2019-03-29","810683730.7656944"
"2019-10-24","810206034.2235577"
"2020-01-02","809771607.7932746"
"2019-03-11","806903293.6075877"
"2020-10-18","804686626.7930851"
"2017-09-08","804496909.3901224"
"2020-10-17","803056954.2791656"
"2018-08-20","802641576.6246017"
"2018-06-05","800334510.8013896"
"2019-04-28","799007805.0317477"
"2019-03-07","797605485.0199637"
"2018-05-30","796944514.8569547"
"2019-12-03","795402948.3465827"
"2018-05-22","795242263.1411633"
"2018-08-24","790377283.8375138"
"2018-06-04","789880300.9765987"
"2018-12-23","788613005.4825749"
"2018-12-26","788112864.0031443"
"2017-11-14","787656067.6188097"
"2019-05-01","787245567.9408356"
"2017-11-20","785758976.10074"
"2018-07-10","785483522.1617553"
"2019-04-20","783979897.3495634"
"2017-11-05","782627487.4244915"
"2018-05-28","782570939.2964867"
"2017-10-29","782405715.2255088"
"2019-11-02","779483835.9978222"
"2019-09-14","777836216.4656167"
"2018-08-02","776918356.9579372"
"2020-02-22","774522230.0169187"
"2019-03-09","774221172.8297397"
"2020-01-22","772656423.8508184"
"2018-10-16","772594862.5935973"
"2019-11-20","771780971.2388852"
"2019-10-02","771313750.3371133"
"2017-09-02","769187659.54512"
"2019-11-03","768876144.6077588"
"2018-09-27","766245343.0256637"
"2018-06-29","766191796.3810216"
"2018-08-18","764566181.5375402"
"2018-05-31","764189889.2761958"
"2019-02-23","763764785.8993996"
"2020-07-18","758524321.8147924"
"2018-06-25","757616951.2440585"
"2019-10-18","757209043.6665854"
"2019-10-04","756725257.4305197"
"2019-03-27","756710202.319944"
"2019-12-20","755556498.6223726"
"2019-12-30","754627521.3402495"
"2019-01-08","753619474.9103773"
"2018-12-09","753026795.0606875"
"2020-01-26","752816047.7459816"
"2020-07-04","751020103.8597263"
"2018-08-29","748458254.7758869"
"2018-09-13","748091921.9143239"
"2017-11-04","748026700.5076083"
"2018-08-31","744803337.1532352"
"2018-12-22","744185412.9410825"
"2020-01-04","744081132.0494778"
"2018-09-04","742907260.8571988"
"2018-04-11","739852102.5273066"
"2018-12-10","739653985.0024172"
"2018-12-14","739042816.3206383"
"2019-04-13","738618698.8280871"
"2019-02-25","738077843.7646391"
"2018-09-07","736389441.0512706"
"2019-10-20","731998467.4241987"
"2018-09-01","731140282.3441743"
"2018-10-29","730300029.6779848"
"2019-09-22","729745233.0846381"
"2019-03-06","729472621.4557277"
"2018-11-07","726430877.3313315"
"2018-08-12","725227595.6253684"
"2019-12-11","725226302.5516828"
"2019-12-29","724704460.3161186"
"2018-06-18","724655682.2307104"
"2017-11-18","721707028.6913197"
"2018-07-02","721131624.9124163"
"2018-06-01","719320982.3163741"
"2019-04-14","718315120.0895343"
"2019-10-13","717235313.4789343"
"2019-09-21","714005987.5356368"
"2018-06-06","713437075.6981727"
"2018-04-10","713152806.782125"
"2018-07-12","712781432.6341795"
"2018-08-21","711755961.572296"
"2017-09-05","711729723.0929023"
"2019-12-08","710485047.674567"
"2017-11-19","707913551.5725905"
"2019-10-14","706686975.3188739"
"2017-11-07","706646774.2366621"
"2019-03-25","706466850.1443532"
"2018-08-23","705118999.8394635"
"2019-01-06","704656136.3004094"
"2018-06-15","704594370.1001016"
"2018-09-24","704449378.8130913"
"2018-10-03","704253376.9410428"
"2018-08-27","701245050.33755"
"2020-02-01","700066716.2273716"
"2019-10-21","699008165.7385447"
"2019-12-07","698683005.5214027"
"2018-04-08","698094817.0490203"
"2020-07-11","696782499.2435753"
"2018-07-05","696440515.1757423"
"2020-07-19","693256621.3758919"
"2018-12-13","691673220.4700251"
"2019-11-13","690902485.5051928"
"2017-09-16","690118841.09143"
"2019-02-27","689560112.2882044"
"2018-10-17","688927671.0581671"
"2018-10-18","686954956.2695513"
"2019-01-28","686651432.4975717"
"2018-12-29","685792411.7575423"
"2018-09-08","682424041.0124462"
"2019-03-16","681542391.0559648"
"2017-10-22","681507543.396312"
"2019-02-28","680522127.0515761"
"2019-11-09","679430868.8426524"
"2018-09-17","675261254.2570299"
"2017-10-31","673849157.4920248"
"2018-06-30","673334750.3654766"
"2018-05-21","673066012.2631344"
"2019-12-13","672939850.3825161"
"2017-10-15","671313730.1070535"
"2019-02-20","670750969.4537003"
"2018-09-03","670707831.1813405"
"2018-09-20","670657983.844343"
"2018-08-06","670305121.8479946"
"2018-11-08","665793311.518603"
"2017-11-23","664543450.6900358"
"2019-01-02","663974074.3506587"
"2018-09-26","663955089.0824317"
"2019-11-17","661665205.2173731"
"2019-12-28","659227081.5597069"
"2018-09-18","659188499.4849651"
"2018-09-11","657999470.7593821"
"2018-09-22","655778264.9655967"
"2019-12-14","654690291.19407"
"2017-08-22","652775199.2788974"
"2017-10-21","652367045.5065007"
"2019-01-11","648663158.7186245"
"2017-11-22","647005872.0766253"
"2018-09-14","640782516.3591057"
"2019-12-31","638734068.966136"
"2018-08-05","637103793.7180587"
"2018-12-31","636737020.0138497"
"2018-10-19","636412744.405588"
"2019-03-20","635774896.7772725"
"2019-01-14","635686128.5454124"
"2019-02-21","634611646.8196293"
"2018-07-03","633057418.6742748"
"2019-09-01","632817008.903702"
"2018-10-08","632411384.4548799"
"2018-10-02","631881198.4699364"
"2019-12-25","630248205.2976848"
"2018-06-03","629651265.0015787"
"2017-10-25","628248136.8032773"
"2018-12-11","627833381.250231"
"2018-09-29","624808197.3188691"
"2017-09-18","622856478.105217"
"2018-07-28","621748857.7007468"
"2018-11-09","619886489.9047339"
"2019-03-21","618580836.077829"
"2018-06-02","617775842.4366155"
"2019-10-17","617653276.1165777"
"2018-11-06","614735139.136685"
"2018-06-20","611560599.0820541"
"2018-07-22","611186485.6318369"
"2019-03-10","610673928.8073001"
"2019-03-30","609059733.8050891"
"2019-03-26","607903594.0380752"
"2018-07-04","606922233.2538711"
"2018-08-19","602432217.2650343"
"2019-03-12","601364329.9764543"
"2019-01-15","599908346.6316612"
"2018-12-12","597914518.665119"
"2018-12-30","596057657.3467569"
"2018-07-29","595057444.9184957"
"2019-12-15","594611672.4729815"
"2019-02-22","594293891.6003951"
"2018-07-11","591540186.5360051"
"2017-08-13","590932694.2101932"
"2018-09-12","588441704.2327424"
"2018-05-20","587921585.3897645"
"2018-06-19","587260228.2757757"
"2019-02-26","587210521.5121253"
"2019-08-31","585969863.0715247"
"2019-03-14","585907436.8843753"
"2019-01-07","584741046.0465603"
"2017-10-26","583601882.9035364"
"2019-01-04","583122567.8258827"
"2018-09-09","581220960.2817945"
"2018-07-13","580535349.3206474"
"2019-03-28","575595084.4409649"
"2018-09-10","575053957.4578269"
"2018-06-07","574784407.5970672"
"2019-01-09","573950698.0007267"
"2018-10-01","573388239.1323962"
"2020-01-25","571437432.9574815"
"2017-08-18","569805369.9468225"
"2018-06-28","568724260.4950769"
"2019-10-19","565523061.9611442"
"2018-10-12","565448811.4057038"
"2019-01-17","560998023.6898686"
"2017-07-20","559470001.3169907"
"2018-10-04","558416914.1460866"
"2018-10-31","557458464.6298914"
"2019-10-05","556131467.5960562"
"2019-01-16","555072163.5571456"
"2017-10-09","554578017.8032253"
"2019-09-15","554573626.8328367"
"2017-09-06","542785585.9911456"
"2018-11-17","542412630.4091203"
"2018-11-13","542136915.4733721"
"2018-10-23","538644745.0671335"
"2018-11-18","538557403.5797714"
"2018-06-08","537248937.0083059"
"2018-07-21","537049023.5798924"
"2019-01-05","536190035.0996314"
"2019-01-01","535644754.8231224"
"2019-01-20","535608150.1500499"
"2018-10-10","531916138.42218214"
"2018-07-09","531818542.33857924"
"2017-08-17","531645758.5678853"
"2019-01-22","530891826.6752731"
"2019-03-15","530138882.34233946"
"2018-11-04","529479724.8812219"
"2018-07-06","521721165.82578796"
"2019-03-23","520279613.524344"
"2019-01-03","519506478.70686996"
"2018-10-24","519232404.30390304"
"2018-09-23","519135942.8141423"
"2018-05-19","518437954.7910823"
"2018-06-26","517746520.4511597"
"2017-08-14","515910405.6386173"
"2018-05-26","515606314.47475135"
"2019-03-18","515579720.9870358"
"2019-01-29","515086218.93109447"
"2018-06-23","512385300.5257975"
"2018-06-27","511892120.3854527"
"2017-10-27","511322962.7821281"
"2018-09-30","509188545.8083188"
"2017-09-27","507385988.30584013"
"2018-10-30","505808225.44108164"
"2017-09-19","504801594.81177855"
"2019-10-12","504297606.153801"
"2018-11-05","502853870.374265"
"2017-06-15","501520808.07200885"
"2019-03-19","500369457.6392357"
"2017-10-10","497467306.5725701"
"2017-10-30","491940679.52203035"
"2018-10-25","490932678.74731016"
"2017-09-01","490776127.8166494"
"2019-11-16","490636325.5029821"
"2018-10-05","489509119.9092155"
"2018-10-22","488944011.4486711"
"2018-05-27","488582173.15449613"
"2019-03-31","485087452.6306177"
"2019-03-13","484526320.07610345"
"2018-06-21","484492896.61947626"
"2019-03-22","483293175.44598967"
"2018-10-20","481070408.6729053"
"2017-10-19","480554928.7969123"
"2018-11-12","479793310.3242382"
"2018-10-26","478819109.21117467"
"2018-06-16","477006643.82650614"
"2019-02-01","476353947.48407525"
"2017-09-03","475516719.61031306"
"2018-12-15","474910987.2568426"
"2017-09-12","474876639.0958569"
"2017-10-14","474801758.56387955"
"2019-01-30","474623930.64219"
"2018-08-25","474143677.97595143"
"2020-06-29","472498807.63320917"
"2019-03-24","472434627.8527783"
"2018-11-02","469929618.20349"
"2018-07-08","468605734.14915097"
"2019-03-01","468150228.5292455"
"2019-02-12","466539053.74664694"
"2017-09-10","462008363.9019478"
"2017-06-12","461480034.7060627"
"2017-08-16","458923712.1265697"
"2019-02-06","456894960.59602195"
"2018-11-01","456782948.84967625"
"2019-01-19","451784848.5716563"
"2018-07-15","451301807.6149461"
"2019-01-13","447443632.3292549"
"2018-08-26","445875874.32856894"
"2017-08-29","445540299.6645893"
"2018-07-07","445369340.9860144"
"2017-09-21","444585686.0341546"
"2019-02-11","443917982.8006713"
"2017-10-16","441343542.0216804"
"2018-12-16","440440880.4560482"
"2017-08-12","439383880.9841095"
"2017-10-17","439068853.9741602"
"2019-01-18","437967241.40039515"
"2019-03-02","437123734.2822854"
"2018-11-11","436287536.9161084"
"2019-02-17","433894510.33202"
"2018-06-09","433027072.3615776"
"2019-03-03","431799147.4714868"
"2019-02-13","430769492.64670885"
"2017-06-06","424731989.64032924"
"2019-01-23","423078590.6002221"
"2019-01-31","422247635.03267103"
"2017-05-25","422168248.1444815"
"2019-12-21","419721662.10572463"
"2018-07-01","419363009.8486474"
"2017-09-22","417855497.61298114"
"2017-09-29","417822260.6532968"
"2018-10-09","417544269.2876415"
"2018-10-07","416868341.01362807"
"2018-11-03","416853444.9571042"
"2017-07-25","416309238.1893187"
"2020-01-01","415438236.2666432"
"2018-10-28","410565991.0543877"
"2018-11-10","409170742.3649166"
"2017-08-19","407440948.87134594"
"2017-09-28","406055486.9870658"
"2019-01-21","405805541.91880876"
"2017-09-25","405000207.58493555"
"2018-06-17","401573345.45556235"
"2019-01-27","399124038.44805676"
"2019-02-15","393339872.7903943"
"2017-08-08","390597739.2964903"
"2017-07-18","385616052.4463652"
"2019-03-17","384747083.4664572"
"2019-02-09","383052115.2556748"
"2017-09-11","380331812.8202901"
"2018-10-14","379591466.51932806"
"2017-09-17","378338440.3675332"
"2019-01-26","377669132.5421266"
"2017-06-14","377594564.8690347"
"2019-01-24","376183093.7631521"
"2017-07-21","375380779.6241946"
"2019-02-10","374972981.51838636"
"2019-01-12","370616908.27687293"
"2019-02-14","370023953.83970207"
"2017-08-23","367124689.9828851"
"2017-10-03","366285373.92244244"
"2019-01-25","365100368.3530349"
"2018-09-16","362388117.27550465"
"2019-02-04","359699176.56923413"
"2017-09-20","353862208.3268716"
"2017-08-21","350200091.2439134"
"2017-09-09","348565301.8309477"
"2018-09-15","348238936.191315"
"2017-10-11","346396871.49670005"
"2017-06-26","343288858.43169034"
"2018-10-06","342889847.0794095"
"2019-02-05","341336287.5663796"
"2017-08-31","339840258.4817395"
"2017-09-07","338921126.05985177"
"2017-08-25","337001607.2182205"
"2018-10-27","336282862.84011644"
"2019-02-02","336265050.2509458"
"2018-07-14","334734045.8604865"
"2018-10-13","334207036.55194783"
"2017-10-02","333927758.5564921"
"2018-10-21","333185432.24980026"
"2017-10-08","331490298.4300552"
"2019-02-03","330560921.8230924"
"2017-06-27","328949084.2132303"
"2017-08-11","326622501.4447614"
"2017-07-17","325308038.4990413"
"2019-02-16","324117364.9017728"
"2017-05-27","322063586.7556706"
"2017-05-26","316996196.4641194"
"2017-10-28","315422917.06487024"
"2017-07-28","314061110.4409024"
"2019-02-07","311312389.89298147"
"2017-07-16","310354244.0321194"
"2017-08-30","309374108.52298975"
"2017-08-01","304368648.44555765"
"2017-08-09","304061757.097613"
"2017-08-24","301221606.7336632"
"2017-09-30","298752115.82238495"
"2017-08-28","294146675.9412275"
"2017-07-19","291893753.5631434"
"2017-10-01","289220989.22976786"
"2017-06-13","287481239.7335838"
"2017-10-05","286122672.3291548"
"2017-06-07","285591131.1695789"
"2017-07-26","285439542.20052224"
"2017-07-11","284920464.0523035"
"2017-05-22","283325821.9412366"
"2017-10-04","283100068.5422612"
"2017-05-24","278838166.6261086"
"2017-07-15","278072556.0579386"
"2017-10-06","276701439.6566928"
"2017-07-22","273500499.20659536"
"2017-09-26","269889225.77714026"
"2017-07-10","267796486.86969382"
"2017-06-21","267042905.35191151"
"2017-08-20","266704653.83414644"
"2017-09-23","261433082.72126192"
"2017-06-16","260905789.9267039"
"2017-06-01","252223759.95594317"
"2017-07-23","249226696.72262117"
"2017-06-28","243049895.04007232"
"2017-06-20","241507548.77202517"
"2017-07-27","237105725.2134216"
"2017-06-08","233641381.62795833"
"2017-07-12","231806280.49715686"
"2017-07-31","229909404.26402158"
"2017-05-31","229211051.5624562"
"2017-08-10","227698149.0531568"
"2017-05-30","224849005.6680065"
"2021-07-02","223733558.7792618"
"2017-07-14","217902218.94872183"
"2017-09-24","213267950.73851407"
"2017-05-23","210834189.16573307"
"2017-06-10","208330579.8970774"
"2017-08-02","207349984.042079"
"2017-05-28","205600699.92587522"
"2017-07-29","203271843.30917144"
"2017-06-18","200274669.5037743"
"2017-05-11","193756207.32771516"
"2017-06-22","193261225.8902744"
"2017-06-17","192803087.47619247"
"2017-07-07","190878952.11972815"
"2017-06-19","190834338.40310252"
"2017-05-09","190733087.9440198"
"2017-06-25","190642820.20812148"
"2017-06-11","189770128.88751745"
"2017-07-05","189586982.47672302"
"2017-06-05","189384996.35168543"
"2017-06-24","188927298.0659636"
"2017-07-24","188618070.8962696"
"2017-07-30","185065340.73756242"
"2017-05-04","184455403.5006607"
"2017-05-08","182142231.99337146"
"2017-05-29","181816087.8982784"
"2017-10-07","181689842.3961771"
"2017-07-13","181190407.2170267"
"2017-05-19","178954948.19966537"
"2017-08-03","178550495.65290597"
"2017-05-12","178511412.02591068"
"2017-05-17","173123206.1979307"
"2017-07-03","172307291.84622085"
"2017-06-02","169432634.39895073"
"2017-06-09","167488450.90337136"
"2017-07-04","167466163.9652231"
"2017-05-05","166381147.77367866"
"2017-08-26","164096575.4142881"
"2017-06-29","162905409.88214844"
"2017-08-27","158807513.81322417"
"2017-06-30","156537083.37870082"
"2017-06-03","156504932.2251712"
"2017-05-20","155151698.54018104"
"2017-07-01","149071401.59950846"
"2017-05-21","145225219.43019402"
"2017-07-02","145136348.92499018"
"2017-03-24","145050559.58435538"
"2017-06-04","144836529.43066883"
"2017-08-07","142888817.53038314"
"2017-05-10","142872135.04204613"
"2017-05-16","140205691.4634224"
"2017-05-15","138335422.41909885"
"2017-05-18","137107490.83642772"
"2017-05-01","134726221.09488913"
"2017-08-04","132021931.2258376"
"2017-06-23","130269992.92663047"
"2017-03-25","129737716.55445088"
"2017-05-13","127656476.47082515"
"2019-10-16","125860194.6402814"
"2017-07-06","123652599.31458813"
"2017-07-08","121164316.00222376"
"2017-04-03","115137797.35968298"
"2017-05-03","111482399.92757025"
"2017-05-07","107006535.14668968"
"2017-04-28","103749184.47008936"
"2017-03-31","101438318.20070404"
"2017-05-02","98255800.59636295"
"2017-04-06","97223168.65250976"
"2017-03-27","95032407.13266985"
"2017-03-26","94923104.26817544"
"2017-03-28","94526751.72189012"
"2017-07-09","93770867.08952804"
"2017-05-06","87372662.89974883"
"2017-03-29","85453741.5261257"
"2017-04-27","83974766.35304268"
"2017-05-14","80330287.66525784"
"2017-04-02","78315893.22550264"
"2017-03-30","77871460.42077152"
"2017-04-04","75678066.24452817"
"2017-04-26","75210172.52320676"
"2017-04-13","74215779.38843493"
"2017-04-07","71475744.8768866"
"2017-04-05","70842023.47940448"
"2017-04-20","67577719.93210669"
"2017-03-23","65345885.06205602"
"2017-04-18","58405563.64446026"
"2017-04-01","56630493.56156139"
"2017-04-14","55129647.65800534"
"2017-04-30","53629056.650128566"
"2017-04-29","52558332.78991666"
"2017-04-25","50359775.35342632"
"2017-04-19","49184484.74585115"
"2017-04-12","49068234.0946296"
"2017-04-21","48697946.42737736"
"2017-04-11","48464378.35695892"
"2017-04-09","47427990.11559888"
"2017-04-24","44801134.5720705"
"2017-04-17","44283267.26256313"
"2017-04-10","43736388.39083453"
"2017-04-22","43570018.593161285"
"2017-04-08","38326595.50614075"
"2017-04-23","38018247.44315515"
"2017-04-15","31224968.42005113"
"2017-04-16","24330253.78314616"
"2017-08-05","6877622.478350014"
"2017-08-06","5437374.163189787"